id,mean_fit_time,std_fit_time,mean_score_time,std_score_time,params,split0_test_accuracy,split1_test_accuracy,split2_test_accuracy,split3_test_accuracy,split4_test_accuracy,split5_test_accuracy,split6_test_accuracy,split7_test_accuracy,split8_test_accuracy,split9_test_accuracy,mean_test_accuracy,std_test_accuracy,rank_test_accuracy,split0_test_precision_macro,split1_test_precision_macro,split2_test_precision_macro,split3_test_precision_macro,split4_test_precision_macro,split5_test_precision_macro,split6_test_precision_macro,split7_test_precision_macro,split8_test_precision_macro,split9_test_precision_macro,mean_test_precision_macro,std_test_precision_macro,rank_test_precision_macro,split0_test_recall_macro,split1_test_recall_macro,split2_test_recall_macro,split3_test_recall_macro,split4_test_recall_macro,split5_test_recall_macro,split6_test_recall_macro,split7_test_recall_macro,split8_test_recall_macro,split9_test_recall_macro,mean_test_recall_macro,std_test_recall_macro,rank_test_recall_macro,split0_test_f1_macro,split1_test_f1_macro,split2_test_f1_macro,split3_test_f1_macro,split4_test_f1_macro,split5_test_f1_macro,split6_test_f1_macro,split7_test_f1_macro,split8_test_f1_macro,split9_test_f1_macro,mean_test_f1_macro,std_test_f1_macro,rank_test_f1_macro
0,0.04301931858062744,0.025778700404984294,0.13757116794586183,0.06961424346962805,{},0.6428571428571429,0.8571428571428571,0.8571428571428571,0.7857142857142857,0.6428571428571429,0.7142857142857143,0.6153846153846154,0.8461538461538461,0.9230769230769231,0.8461538461538461,0.7730769230769231,0.10474349206771648,1,0.675,0.8888888888888888,0.8571428571428571,0.7916666666666667,0.6458333333333333,0.7142857142857143,0.6527777777777778,0.875,0.9285714285714286,0.875,0.7904166666666667,0.10320459156674452,1,0.6428571428571428,0.8571428571428572,0.8571428571428571,0.7857142857142857,0.6428571428571428,0.7142857142857143,0.6309523809523809,0.8571428571428572,0.9285714285714286,0.8571428571428572,0.7773809523809524,0.10487683090112873,1,0.6256684491978609,0.8541666666666667,0.8571428571428571,0.7846153846153845,0.641025641025641,0.7142857142857143,0.6060606060606061,0.8452380952380951,0.923076923076923,0.8452380952380951,0.7696518432547844,0.1082083995545351,1
