id,dataset,classifier,reduction,accuracy,IC_Accuracy,precision,recall,f1
0,euclidian_px_all,gaussiannb,CFS,0.7236363636363636,"(0.6519285133797164, 0.7953442138930109)",0.6533333333333333,0.635,0.6361111111111111
