id,dataset,classifier,reduction,accuracy,IC_Accuracy,precision,recall,f1
0,euclidian_px_all,gaussiannb,RFS,0.6863636363636363,"(0.5888819741762796, 0.7838452985509929)",0.6004761904761904,0.64,0.5933621933621934
