id,mean_fit_time,std_fit_time,mean_score_time,std_score_time,params,split0_test_accuracy,split1_test_accuracy,split2_test_accuracy,split3_test_accuracy,split4_test_accuracy,split5_test_accuracy,split6_test_accuracy,split7_test_accuracy,split8_test_accuracy,split9_test_accuracy,mean_test_accuracy,std_test_accuracy,rank_test_accuracy,split0_test_precision_macro,split1_test_precision_macro,split2_test_precision_macro,split3_test_precision_macro,split4_test_precision_macro,split5_test_precision_macro,split6_test_precision_macro,split7_test_precision_macro,split8_test_precision_macro,split9_test_precision_macro,mean_test_precision_macro,std_test_precision_macro,rank_test_precision_macro,split0_test_recall_macro,split1_test_recall_macro,split2_test_recall_macro,split3_test_recall_macro,split4_test_recall_macro,split5_test_recall_macro,split6_test_recall_macro,split7_test_recall_macro,split8_test_recall_macro,split9_test_recall_macro,mean_test_recall_macro,std_test_recall_macro,rank_test_recall_macro,split0_test_f1_macro,split1_test_f1_macro,split2_test_f1_macro,split3_test_f1_macro,split4_test_f1_macro,split5_test_f1_macro,split6_test_f1_macro,split7_test_f1_macro,split8_test_f1_macro,split9_test_f1_macro,mean_test_f1_macro,std_test_f1_macro,rank_test_f1_macro
0,0.0015132904052734375,5.204703247489328e-05,0.007492280006408692,0.003834852794900837,{},0.7142857142857143,0.8571428571428571,0.6923076923076923,0.6153846153846154,0.6923076923076923,0.5384615384615384,0.6923076923076923,0.7692307692307693,0.6153846153846154,0.6153846153846154,0.6802197802197801,0.08574949966988747,1,0.7333333333333334,0.8888888888888888,0.7125,0.6190476190476191,0.7125,0.55,0.7083333333333333,0.775,0.6190476190476191,0.6190476190476191,0.6937698412698412,0.09196128700098918,1,0.7142857142857142,0.8571428571428572,0.7023809523809523,0.6190476190476191,0.7023809523809523,0.5476190476190476,0.6785714285714286,0.7619047619047619,0.6190476190476191,0.6190476190476191,0.6821428571428572,0.08300103815977791,1,0.7083333333333333,0.8541666666666667,0.6904761904761905,0.6153846153846153,0.6904761904761905,0.5357142857142858,0.675,0.7636363636363636,0.6153846153846153,0.6153846153846153,0.6763956876456876,0.08461102083659255,1
