id,mean_fit_time,std_fit_time,mean_score_time,std_score_time,params,split0_test_accuracy,split1_test_accuracy,split2_test_accuracy,split3_test_accuracy,split4_test_accuracy,split5_test_accuracy,split6_test_accuracy,split7_test_accuracy,split8_test_accuracy,split9_test_accuracy,mean_test_accuracy,std_test_accuracy,rank_test_accuracy,split0_test_precision_macro,split1_test_precision_macro,split2_test_precision_macro,split3_test_precision_macro,split4_test_precision_macro,split5_test_precision_macro,split6_test_precision_macro,split7_test_precision_macro,split8_test_precision_macro,split9_test_precision_macro,mean_test_precision_macro,std_test_precision_macro,rank_test_precision_macro,split0_test_recall_macro,split1_test_recall_macro,split2_test_recall_macro,split3_test_recall_macro,split4_test_recall_macro,split5_test_recall_macro,split6_test_recall_macro,split7_test_recall_macro,split8_test_recall_macro,split9_test_recall_macro,mean_test_recall_macro,std_test_recall_macro,rank_test_recall_macro,split0_test_f1_macro,split1_test_f1_macro,split2_test_f1_macro,split3_test_f1_macro,split4_test_f1_macro,split5_test_f1_macro,split6_test_f1_macro,split7_test_f1_macro,split8_test_f1_macro,split9_test_f1_macro,mean_test_f1_macro,std_test_f1_macro,rank_test_f1_macro
0,0.0010485887527465821,0.00022785626184189888,0.004233551025390625,0.0015875425335075727,{},0.7142857142857143,0.7142857142857143,0.7857142857142857,0.6428571428571429,0.6428571428571429,0.7142857142857143,0.6153846153846154,0.6153846153846154,0.46153846153846156,0.38461538461538464,0.6291208791208792,0.11614740019749109,1,0.7142857142857143,0.7333333333333334,0.85,0.6458333333333333,0.675,0.7333333333333334,0.6190476190476191,0.6190476190476191,0.45,0.3472222222222222,0.6387103174603175,0.13819544718696358,1,0.7142857142857143,0.7142857142857142,0.7857142857142857,0.6428571428571428,0.6428571428571428,0.7142857142857142,0.6190476190476191,0.6190476190476191,0.45238095238095233,0.369047619047619,0.6273809523809523,0.12070865019248835,1,0.7142857142857143,0.7083333333333333,0.7754010695187166,0.641025641025641,0.6256684491978609,0.7083333333333333,0.6153846153846153,0.6153846153846153,0.4484848484848485,0.35,0.6202301619948678,0.12307663213723966,1
