id,dataset,classifier,reduction,accuracy,IC_Accuracy,precision,recall,f1
0,euclidian_px_all,gaussiannb,FCBF,0.7254545454545454,"(0.6344257688946933, 0.8164833220143974)",0.6599999999999999,0.665,0.6466666666666667
