id,mean_fit_time,std_fit_time,mean_score_time,std_score_time,params,split0_test_accuracy,split1_test_accuracy,split2_test_accuracy,split3_test_accuracy,split4_test_accuracy,split5_test_accuracy,split6_test_accuracy,split7_test_accuracy,split8_test_accuracy,split9_test_accuracy,mean_test_accuracy,std_test_accuracy,rank_test_accuracy,split0_test_precision_macro,split1_test_precision_macro,split2_test_precision_macro,split3_test_precision_macro,split4_test_precision_macro,split5_test_precision_macro,split6_test_precision_macro,split7_test_precision_macro,split8_test_precision_macro,split9_test_precision_macro,mean_test_precision_macro,std_test_precision_macro,rank_test_precision_macro,split0_test_recall_macro,split1_test_recall_macro,split2_test_recall_macro,split3_test_recall_macro,split4_test_recall_macro,split5_test_recall_macro,split6_test_recall_macro,split7_test_recall_macro,split8_test_recall_macro,split9_test_recall_macro,mean_test_recall_macro,std_test_recall_macro,rank_test_recall_macro,split0_test_f1_macro,split1_test_f1_macro,split2_test_f1_macro,split3_test_f1_macro,split4_test_f1_macro,split5_test_f1_macro,split6_test_f1_macro,split7_test_f1_macro,split8_test_f1_macro,split9_test_f1_macro,mean_test_f1_macro,std_test_f1_macro,rank_test_f1_macro
0,0.0012185335159301757,0.00013433449151211695,0.004789113998413086,0.0008008245979742205,{},0.6428571428571429,0.7857142857142857,0.7857142857142857,0.6428571428571429,0.5714285714285714,0.5714285714285714,0.6153846153846154,0.6153846153846154,0.5384615384615384,0.7692307692307693,0.6538461538461539,0.08842569746940154,1,0.675,0.85,0.7916666666666667,0.6458333333333333,0.5777777777777777,0.5777777777777777,0.6527777777777778,0.6190476190476191,0.5357142857142857,0.7738095238095238,0.6699404761904761,0.09824635719745502,1,0.6428571428571428,0.7857142857142857,0.7857142857142857,0.6428571428571428,0.5714285714285714,0.5714285714285714,0.6309523809523809,0.6190476190476191,0.5357142857142857,0.7738095238095238,0.655952380952381,0.08868048841173187,1,0.6256684491978609,0.7754010695187166,0.7846153846153845,0.641025641025641,0.5625,0.5625,0.6060606060606061,0.6153846153846153,0.5357142857142857,0.7692307692307692,0.6478100820747879,0.08954883142890313,1
