id,mean_fit_time,std_fit_time,mean_score_time,std_score_time,params,split0_test_accuracy,split1_test_accuracy,split2_test_accuracy,split3_test_accuracy,split4_test_accuracy,split5_test_accuracy,split6_test_accuracy,split7_test_accuracy,split8_test_accuracy,split9_test_accuracy,mean_test_accuracy,std_test_accuracy,rank_test_accuracy,split0_test_precision_macro,split1_test_precision_macro,split2_test_precision_macro,split3_test_precision_macro,split4_test_precision_macro,split5_test_precision_macro,split6_test_precision_macro,split7_test_precision_macro,split8_test_precision_macro,split9_test_precision_macro,mean_test_precision_macro,std_test_precision_macro,rank_test_precision_macro,split0_test_recall_macro,split1_test_recall_macro,split2_test_recall_macro,split3_test_recall_macro,split4_test_recall_macro,split5_test_recall_macro,split6_test_recall_macro,split7_test_recall_macro,split8_test_recall_macro,split9_test_recall_macro,mean_test_recall_macro,std_test_recall_macro,rank_test_recall_macro,split0_test_f1_macro,split1_test_f1_macro,split2_test_f1_macro,split3_test_f1_macro,split4_test_f1_macro,split5_test_f1_macro,split6_test_f1_macro,split7_test_f1_macro,split8_test_f1_macro,split9_test_f1_macro,mean_test_f1_macro,std_test_f1_macro,rank_test_f1_macro
0,0.001186037063598633,0.0002446304098498749,0.004577350616455078,0.000936678636124026,{},0.7142857142857143,0.8571428571428571,0.6428571428571429,0.7142857142857143,0.42857142857142855,0.6428571428571429,0.6153846153846154,0.6153846153846154,0.38461538461538464,0.7692307692307693,0.6384615384615385,0.13638774931077102,1,0.7333333333333334,0.8888888888888888,0.675,0.7142857142857143,0.4222222222222222,0.6458333333333333,0.6527777777777778,0.6527777777777778,0.38095238095238093,0.7738095238095238,0.6539880952380953,0.1443058829238603,1,0.7142857142857142,0.8571428571428572,0.6428571428571428,0.7142857142857143,0.42857142857142855,0.6428571428571428,0.6309523809523809,0.6309523809523809,0.38095238095238093,0.7738095238095238,0.6416666666666666,0.13713231606314955,1,0.7083333333333333,0.8541666666666667,0.6256684491978609,0.7142857142857143,0.41666666666666663,0.641025641025641,0.6060606060606061,0.6060606060606061,0.38095238095238093,0.7692307692307692,0.6322450833480245,0.13843700163523928,1
