id,dataset,classifier,reduction,accuracy,IC_Accuracy,precision,recall,f1
0,euclidian_px_all,gaussiannb,ReliefF,0.79,"(0.7219740321581056, 0.8580259678418944)",0.7683333333333333,0.6900000000000001,0.7097619047619047
