id,dataset,classifier,reduction,accuracy,IC_Accuracy,precision,recall,f1
0,euclidian_px_all,gaussiannb,RFS,0.6781818181818181,"(0.5998958267811417, 0.7564678095824945)",0.6099999999999999,0.54,0.550952380952381
