id,mean_fit_time,std_fit_time,mean_score_time,std_score_time,params,split0_test_accuracy,split1_test_accuracy,split2_test_accuracy,split3_test_accuracy,split4_test_accuracy,split5_test_accuracy,split6_test_accuracy,split7_test_accuracy,split8_test_accuracy,split9_test_accuracy,mean_test_accuracy,std_test_accuracy,rank_test_accuracy,split0_test_precision_macro,split1_test_precision_macro,split2_test_precision_macro,split3_test_precision_macro,split4_test_precision_macro,split5_test_precision_macro,split6_test_precision_macro,split7_test_precision_macro,split8_test_precision_macro,split9_test_precision_macro,mean_test_precision_macro,std_test_precision_macro,rank_test_precision_macro,split0_test_recall_macro,split1_test_recall_macro,split2_test_recall_macro,split3_test_recall_macro,split4_test_recall_macro,split5_test_recall_macro,split6_test_recall_macro,split7_test_recall_macro,split8_test_recall_macro,split9_test_recall_macro,mean_test_recall_macro,std_test_recall_macro,rank_test_recall_macro,split0_test_f1_macro,split1_test_f1_macro,split2_test_f1_macro,split3_test_f1_macro,split4_test_f1_macro,split5_test_f1_macro,split6_test_f1_macro,split7_test_f1_macro,split8_test_f1_macro,split9_test_f1_macro,mean_test_f1_macro,std_test_f1_macro,rank_test_f1_macro
0,0.0013296365737915038,0.00026058032634828363,0.004312872886657715,0.001175873443185575,{},0.6428571428571429,0.8571428571428571,0.7142857142857143,0.7142857142857143,0.35714285714285715,0.6428571428571429,0.6153846153846154,0.6923076923076923,0.6153846153846154,0.6923076923076923,0.6543956043956045,0.11950896799297143,1,0.6458333333333333,0.8888888888888888,0.7333333333333334,0.7142857142857143,0.35416666666666663,0.6458333333333333,0.6527777777777778,0.7125,0.6190476190476191,0.6904761904761905,0.6657142857142857,0.1263875121402178,1,0.6428571428571428,0.8571428571428572,0.7142857142857142,0.7142857142857143,0.3571428571428571,0.6428571428571428,0.6309523809523809,0.7023809523809523,0.6190476190476191,0.6904761904761905,0.657142857142857,0.11926171225112568,1,0.641025641025641,0.8541666666666667,0.7083333333333333,0.7142857142857143,0.3538461538461538,0.641025641025641,0.6060606060606061,0.6904761904761905,0.6153846153846153,0.6904761904761905,0.6515080752580752,0.11977914414430384,1
